Which type of cognos reports Watson Analytics can use?,cognosreport_Watson,
How to request team account for Watson Analytics?,teamaccount_Watson,
What are the costs of boarding?,costboarding_Watson,
How many members can be in team in Watson Analytics?,Membersteam_Watson,
What URL do I use to access Watson Analytics for IBM ?,URLaccess_Watson,
What methods are available for establishing database connectivity to IBM internal databases? (for importing data),Databaseconnectivity_Watson,
Can I share my results to my colleagues?,Shareresults_Watson,
How to switch from Individual to Team? ,Individualtoteam_Watson,
Where can I request additional database connection?,Databaseconnection_Watson,
Who can add new members to a team in Watson Analytics ,Addmembers_Watson,
What is the link of to the Watson Analytics team account?,Accountlink_Watson,
what is the link of to the watson analytics team account?,Accountlink_Watson,
What is the link of to the Watson Analytics team account,Accountlink_Watson,
link of the Watson Analytics team account?,Accountlink_Watson,
What is the link of to the Watson Analytics team?,Accountlink_Watson,
 Watson Analytics team account link?,Accountlink_Watson,
who can add new members to a team in watson analytics ,Addmembers_Watson,
Who can add new members to a team in WA? ,Addmembers_Watson,
Who adds members to a team in Watson Analytics?,Addmembers_Watson,
Who can add new members to Watson Analytics?,Addmembers_Watson,
new members to a team in Watson Analytics ,Addmembers_Watson,
members added to a team in Watson Analytics ,Addmembers_Watson,
where can I request additional database connection,Databaseconnection_Watson,
can I request additional database connection?,Databaseconnection_Watson,
Requesting additional database connection?,Databaseconnection_Watson,
Where can I request database connection?,Databaseconnection_Watson,
Where to request additional database connection?,Databaseconnection_Watson,
how to switch from individual to team ,Individualtoteam_Watson,
Switching from Individual to Team? ,Individualtoteam_Watson,
switch from Individual to Team? ,Individualtoteam_Watson,
 switch Individual to Team? ,Individualtoteam_Watson,
How to switch from Individual to Team  ,Individualtoteam_Watson,
can I share my results to my colleagues,Shareresults_Watson,
Share my results to my colleagues?,Shareresults_Watson,
Can I share results to my colleagues?,Shareresults_Watson,
 results shared to my colleagues?,Shareresults_Watson,
May I share my results to my colleagues?,Shareresults_Watson,
What methods are available for establishing database connectivity to IBM internal databases? (for importing data),Databaseconnectivity_Watson,
establishing database connectivity to IBM internal databases? (for importing data),Databaseconnectivity_Watson,
What methods are available for establishing database connectivity to IBM internal databases? ,Databaseconnectivity_Watson,
What methods are available for establishing database connectivity to IBM internal databases (for importing data),Databaseconnectivity_Watson,
methods that are available for establishing database connectivity to IBM internal databases,Databaseconnectivity_Watson,
URL used to access Watson Analytics for IBM ?,URLaccess_Watson,
what url do I use to access watson analytics for ibm,URLaccess_Watson,
What URL do I use to access WA for IBM ?,URLaccess_Watson,
 URL used to access WA for IBM ?,URLaccess_Watson,
What URL do I use to access Watson Analytics?,URLaccess_Watson,
how many members can be in team in watson analytics,Membersteam_Watson,
How many members can be in team in WA?,Membersteam_Watson,
How many members in team in Watson Analytics?,Membersteam_Watson,
How many members in team in WA?,Membersteam_Watson,
How many can be in team in Watson Analytics?,Membersteam_Watson,
what are the costs of boarding,costboarding_Watson,
costs of boarding?,costboarding_Watson,
Costs of boarding?,costboarding_Watson,
the costs of boarding?,costboarding_Watson,
What are costs of boarding?,costboarding_Watson,
request team account for Watson Analytics?,teamaccount_Watson,
How to request team account for WA?,teamaccount_Watson,
how to request team account for watson analytics,teamaccount_Watson,
Requesting team account for Watson Analytics?,teamaccount_Watson,
request team account for wa?,teamaccount_Watson,
which type of cognos reports watson analytics can use,cognosreport_Watson,
Which type of cognos reports WA can use?,cognosreport_Watson,
Types of cognos reports Watson Analytics can use?,cognosreport_Watson,
Cognos reports that Watson Analytics can use?,cognosreport_Watson,
Cognos reports that WA can use?,cognosreport_Watson,